1	紀元前3500年ごろ	西アジア・世界	古代以前	A	メソポタミア文明がおこる	チグリス・ユーフラテス川流域で都市国家と文字が発達した。	古代文明・文字・都市
2	紀元前3100年ごろ	西アジア・世界	古代以前	A	エジプトで統一国家が成立する	ナイル川流域を基盤に王権と暦・測量技術が発達した。	古代文明・エジプト
3	紀元前2600年ごろ	南アジア	古代以前	A	インダス文明が栄える	モヘンジョダロなど計画的な都市が建設された。	古代文明・インド
4	紀元前2000年ごろ	東アジア	古代以前	A	中国で黄河文明が発達する	黄河流域で農耕社会と初期国家が発達した。	中国文明・農耕
5	紀元前1750年ごろ	西アジア・世界	古代以前	B	ハンムラビ法典が編さんされる	バビロニア王国の法典で、身分差のある刑罰も定めた。	法・メソポタミア
6	紀元前1600年ごろ	東アジア	古代以前	A	中国で殷がおこる	甲骨文字を用い、青銅器文化を発達させた。	殷・甲骨文字
7	紀元前1046年ごろ	東アジア	古代以前	B	周が殷を滅ぼす	周は封建制によって広い地域を支配した。	周・中国王朝
8	紀元前8世紀ごろ	欧米・世界	古代以前	A	ギリシャでポリスが形成される	アテネやスパルタなどの都市国家が成立した。	ギリシャ・ポリス
9	紀元前776年	欧米・世界	古代以前	B	古代オリンピックが始まる	ギリシャの都市国家が参加する競技祭として行われた。	ギリシャ・文化
10	紀元前6世紀ごろ	南アジア	古代以前	S	インドで仏教がおこる	シャカが身分制度や苦しみからの解脱を説いた。	仏教・宗教
11	紀元前551年ごろ	東アジア	古代以前	A	孔子が生まれる	儒教の基礎となる教えを説き、後の東アジアに大きく影響した。	儒教・孔子
12	紀元前509年	欧米・世界	古代以前	B	ローマで共和政が始まる	王を追放し、貴族を中心とする共和政へ移行した。	ローマ・共和政
13	紀元前334年	欧米・世界	古代以前	A	アレクサンドロス大王が東方遠征を始める	ギリシャ文化とオリエント文化が融合し、ヘレニズム文化が生まれた。	ヘレニズム・ギリシャ
14	紀元前221年	東アジア	古代以前	S	秦の始皇帝が中国を統一する	郡県制を行い、文字・貨幣・度量衡を統一した。	秦・始皇帝・統一
15	紀元前202年	東アジア	古代以前	A	漢が中国を統一する	漢は東西交易を進め、シルクロードが発達した。	漢・シルクロード
16	紀元前27年	欧米・世界	古代以前	S	ローマ帝国が成立する	アウグストゥスのもとで帝政が始まり、地中海世界を支配した。	ローマ帝国・帝政
17	1世紀	西アジア・世界	古代	S	キリスト教がおこる	イエスの教えをもとに成立し、ローマ帝国内に広がった。	キリスト教・宗教
18	57年	日本	古代	S	倭の奴国王が後漢に使いを送る	後漢の皇帝から金印を授けられたことが『後漢書』に記される。	金印・中国との交流
19	107年	日本	古代	B	倭国王の帥升が後漢に使いを送る	倭国と中国王朝の外交を示す史料である。	倭国・後漢
20	239年	日本	古代	S	卑弥呼が魏に使いを送る	邪馬台国の女王卑弥呼が魏から親魏倭王の称号を受けた。	邪馬台国・卑弥呼
21	313年	欧米・世界	古代	A	ローマ帝国がキリスト教を公認する	ミラノ勅令によってキリスト教への迫害が停止された。	ローマ帝国・キリスト教
22	375年	欧米・世界	古代	S	ゲルマン人の大移動が始まる	フン人の圧迫などを背景にゲルマン人がローマ領へ移動した。	ゲルマン人・中世への移行
23	391年	欧米・世界	古代	B	ローマ帝国がキリスト教を国教とする	キリスト教が帝国統合の重要な基盤となった。	ローマ帝国・キリスト教
24	395年	欧米・世界	古代	A	ローマ帝国が東西に分裂する	東ローマ帝国と西ローマ帝国に分かれた。	ローマ帝国・分裂
25	478年	日本	古代	A	倭王武が南朝の宋に使いを送る	ヤマト王権が朝鮮半島での立場を有利にしようとした外交である。	倭の五王・ヤマト王権
26	476年	欧米・世界	古代	S	西ローマ帝国が滅亡する	ゲルマン人の侵入により西ヨーロッパで中世社会が形成された。	西ローマ帝国・中世
27	481年ごろ	欧米・世界	古代	A	フランク王国が成立する	クロービスがフランク人を統一し、カトリックに改宗した。	フランク王国・クロービス
28	527年	欧米・世界	古代	B	ユスティニアヌス帝が即位する	東ローマ帝国でローマ法大全を編さんし、領土を拡大した。	東ローマ帝国・ローマ法
29	6世紀半ば	日本	古代	S	百済から日本へ仏教が伝わる	仏教受容をめぐって蘇我氏と物部氏が対立した。	仏教伝来・百済
30	589年	東アジア	古代	S	隋が中国を統一する	南北朝の分裂を終わらせ、中央集権国家を築いた。	隋・中国統一
31	592年	日本	古代	A	推古天皇が即位する	日本初の女性天皇として即位し、聖徳太子らが政治を補佐した。	推古天皇・飛鳥時代
32	593年	日本	古代	S	聖徳太子が推古天皇の摂政となる	天皇中心の政治を目指し、政治制度や外交を整えた。	聖徳太子・摂政
33	603年	日本	古代	S	冠位十二階が定められる	家柄だけでなく才能や功績に応じて役人を登用しようとした。	冠位十二階・聖徳太子
34	604年	日本	古代	S	十七条の憲法が定められる	役人の心構えを示し、天皇を中心とする秩序を重視した。	十七条の憲法・聖徳太子
35	607年	日本	古代	S	小野妹子が遣隋使として派遣される	隋と対等な外交を目指し、大陸の制度や文化を学んだ。	遣隋使・小野妹子
36	7世紀初め	西アジア・世界	古代	S	ムハンマドがイスラム教を説き始める	唯一神アッラーへの信仰を説き、イスラム共同体が形成された。	イスラム教・ムハンマド
37	618年	東アジア	古代	S	唐が中国を統一する	律令制度を整え、長安を中心に国際的な文化が栄えた。	唐・長安・律令
38	622年	西アジア・世界	古代	A	ムハンマドがメディナへ移る	ヒジュラと呼ばれ、イスラム暦の元年となった。	イスラム教・ヒジュラ
39	630年	日本	古代	S	第1回遣唐使が派遣される	唐の制度・文化を学ぶため、多くの留学生や僧が渡った。	遣唐使・唐
40	645年	日本	古代	S	大化の改新が始まる	中大兄皇子と中臣鎌足が蘇我氏を倒し、公地公民を目指した。	大化の改新・中大兄皇子
41	646年	日本	古代	A	改新の詔が出される	土地と人民を国家が支配する中央集権化の方針を示した。	改新の詔・公地公民
42	663年	日本	古代	S	白村江の戦いで日本・百済軍が敗れる	唐・新羅軍に敗れ、日本は九州防衛と国内整備を急いだ。	白村江の戦い・東アジア
43	672年	日本	古代	S	壬申の乱が起こる	皇位継承をめぐる争いに勝利した大海人皇子が天武天皇となった。	壬申の乱・天武天皇
44	676年	東アジア	古代	A	新羅が朝鮮半島の大部分を統一する	唐の勢力を退け、統一新羅が成立した。	新羅・朝鮮半島
45	694年	日本	古代	B	都が藤原京に移される	中国の都城制を取り入れた本格的な都が整えられた。	藤原京・飛鳥時代
46	701年	日本	古代	S	大宝律令が制定される	唐の制度を参考に、律令国家の仕組みが整えられた。	大宝律令・律令国家
47	708年	日本	古代	A	和同開珎が鋳造される	国家が貨幣流通を進めようとしたことを示す。	和同開珎・貨幣
48	710年	日本	古代	S	都が平城京に移される	唐の長安にならった都で、奈良時代が始まった。	平城京・奈良時代
49	712年	日本	古代	A	『古事記』が完成する	神話や天皇の系譜をまとめ、国家の由来を示した。	古事記・歴史書
50	720年	日本	古代	A	『日本書紀』が完成する	漢文で記された国家の正史で、対外的な性格ももつ。	日本書紀・歴史書
51	723年	日本	古代	A	三世一身法が出される	新たに開墾した土地の一定期間の私有を認め、開墾を促した。	三世一身法・土地制度
52	743年	日本	古代	S	墾田永年私財法が出される	開墾地の永久私有を認め、荘園発達の要因となった。	墾田永年私財法・荘園
53	752年	日本	古代	S	東大寺の大仏開眼供養が行われる	聖武天皇が仏教の力で国家を安定させようとした。	東大寺・聖武天皇・天平文化
54	784年	日本	古代	B	都が長岡京に移される	桓武天皇が奈良の寺院勢力から距離を置こうとした。	長岡京・桓武天皇
55	794年	日本	古代	S	都が平安京に移される	桓武天皇が新しい政治の中心を築き、平安時代が始まった。	平安京・桓武天皇
56	800年	欧米・世界	中世	A	カール大帝が皇帝の冠を受ける	ローマ教皇との結び付きが西ヨーロッパ世界の基礎となった。	フランク王国・カール大帝
57	805年	日本	古代	A	最澄が天台宗を開く	比叡山延暦寺を中心に新しい仏教を広めた。	最澄・天台宗
58	806年	日本	古代	A	空海が真言宗を開く	高野山金剛峯寺を中心に密教を広めた。	空海・真言宗
59	843年	欧米・世界	中世	A	フランク王国が三つに分裂する	ヴェルダン条約により、後のフランス・ドイツ・イタリアの原型ができた。	フランク王国・ヴェルダン条約
60	866年	日本	古代	A	藤原良房が摂政となる	藤原氏による摂関政治が本格化するきっかけとなった。	摂関政治・藤原氏
61	894年	日本	古代	S	遣唐使が停止される	唐の衰えや航海の危険を背景に菅原道真の意見で停止された。	遣唐使停止・菅原道真・国風文化
62	907年	東アジア	中世	A	唐が滅亡する	中国が五代十国の分裂期に入り、東アジア秩序が変化した。	唐・東アジア
63	918年	東アジア	中世	B	高麗が建国される	朝鮮半島で新羅に代わる王朝となった。	高麗・朝鮮半島
64	935年	日本	古代	A	平将門の乱が起こる	東国の武士が朝廷に反乱を起こし、武士の成長を示した。	平将門・武士
65	939年	日本	古代	A	藤原純友の乱が起こる	瀬戸内海で反乱が起こり、地方武士の力が目立った。	藤原純友・武士
66	960年	東アジア	中世	A	宋が中国を統一する	文治政治を進め、商業・都市・技術が発達した。	宋・中国王朝
67	969年	日本	古代	B	安和の変が起こる	藤原氏が他氏を排除し、摂関政治を強めた。	安和の変・藤原氏
68	1016年	日本	古代	S	藤原道長が摂政となる	外戚関係を利用し、藤原氏の摂関政治が最盛期を迎えた。	藤原道長・摂関政治
69	1051年	日本	中世	A	前九年の役が始まる	源氏が東北の争いを鎮め、東国武士との結び付きを強めた。	前九年の役・源氏
70	1083年	日本	中世	A	後三年の役が始まる	源義家が東北の争いに介入し、武士の信望を高めた。	後三年の役・源義家
71	1086年	日本	中世	S	白河上皇が院政を始める	上皇が天皇に代わって政治を主導し、摂関政治が弱まった。	院政・白河上皇
72	1096年	欧米・世界	中世	S	第1回十字軍が始まる	聖地エルサレム奪回を掲げ、ヨーロッパとイスラム世界の交流も進んだ。	十字軍・イスラム世界
73	1127年	東アジア	中世	B	南宋が成立する	宋が北方民族に圧迫され、都を南へ移した。	南宋・中国王朝
74	1156年	日本	中世	S	保元の乱が起こる	皇室・摂関家の争いに武士が参加し、武士の政治進出が進んだ。	保元の乱・武士
75	1159年	日本	中世	S	平治の乱が起こる	平清盛が源氏を破り、平氏政権への道を開いた。	平治の乱・平清盛
76	1167年	日本	中世	S	平清盛が太政大臣となる	武士として初めて太政大臣となり、日宋貿易を進めた。	平清盛・平氏政権・日宋貿易
77	1180年	日本	中世	A	源平の争乱が始まる	源頼朝らが平氏打倒の兵を挙げ、全国的な内乱となった。	源平の争乱・源頼朝
78	1185年	日本	中世	S	壇ノ浦の戦いで平氏が滅亡する	源氏が勝利し、武家政権成立が決定的となった。	壇ノ浦・平氏滅亡
79	1185年	日本	中世	S	源頼朝が守護・地頭の設置を認められる	全国の軍事・土地支配を進め、鎌倉幕府の基盤を築いた。	守護・地頭・鎌倉幕府
80	1192年	日本	中世	S	源頼朝が征夷大将軍となる	鎌倉を中心とする武家政権の首長として位置付けられた。	源頼朝・征夷大将軍
81	1206年	東アジア	中世	S	チンギス・ハンがモンゴルを統一する	モンゴル帝国が成立し、ユーラシア規模の交流が進んだ。	モンゴル帝国・チンギスハン
82	1219年	日本	中世	B	源実朝が暗殺される	源氏将軍が絶え、北条氏の執権政治が強まった。	源実朝・執権政治
83	1221年	日本	中世	S	承久の乱が起こる	後鳥羽上皇が幕府打倒に敗れ、幕府の全国支配が強化された。	承久の乱・後鳥羽上皇
84	1232年	日本	中世	S	御成敗式目が制定される	北条泰時が武士社会の慣習に基づく法律を定めた。	御成敗式目・北条泰時
85	1258年	西アジア・世界	中世	B	モンゴル軍がバグダッドを占領する	アッバース朝が事実上滅び、モンゴル支配が西アジアへ広がった。	モンゴル帝国・イスラム世界
86	1271年	東アジア	中世	A	モンゴル帝国が国号を元とする	フビライが中国支配を進め、日本にも服属を要求した。	元・フビライ
87	1274年	日本	中世	S	文永の役が起こる	元・高麗軍が九州北部を攻めた最初の元寇である。	元寇・文永の役
88	1281年	日本	中世	S	弘安の役が起こる	再度の元軍襲来を幕府軍が防いだが、御家人への恩賞が不足した。	元寇・弘安の役
89	1297年	日本	中世	S	永仁の徳政令が出される	困窮した御家人を救おうとしたが、かえって金融を停滞させた。	徳政令・御家人
90	1299年ごろ	西アジア・世界	中世	A	オスマン帝国が成立する	後に東地中海・西アジア・北アフリカを支配する大帝国となった。	オスマン帝国・イスラム世界
91	1321年	欧米・世界	中世	B	ダンテの『神曲』が完成する	ルネサンスにつながるイタリア文化の発展を示す。	ルネサンス・文学
92	1333年	日本	中世	S	鎌倉幕府が滅亡する	後醍醐天皇の倒幕運動と武士の離反により幕府が倒れた。	鎌倉幕府滅亡・後醍醐天皇
93	1334年	日本	中世	S	建武の新政が始まる	後醍醐天皇が天皇中心の政治を進めたが、武士の不満を招いた。	建武の新政・後醍醐天皇
94	1336年	日本	中世	A	南北朝の対立が始まる	足利尊氏が京都に新天皇を立て、吉野の南朝と対立した。	南北朝・足利尊氏
95	1338年	日本	中世	S	足利尊氏が征夷大将軍となる	京都に室町幕府を開き、守護を通じて全国を支配した。	室町幕府・足利尊氏
96	1368年	東アジア	中世	S	元が滅び明が成立する	朱元璋が明を建て、漢民族の王朝が復活した。	明・中国王朝
97	1392年	日本	中世	S	南北朝が合一する	足利義満の仲介で朝廷が統一され、幕府の権力が強まった。	南北朝合一・足利義満
98	1392年	東アジア	中世	A	朝鮮王朝が成立する	李成桂が高麗を倒し、李氏朝鮮を建てた。	朝鮮王朝・李成桂
99	1404年	日本	中世	S	日明貿易が始まる	倭寇と区別する勘合を用い、明との正式な貿易を行った。	勘合貿易・足利義満
100	1405年	東アジア	中世	B	鄭和の南海遠征が始まる	明が東南アジア・インド洋へ大船団を派遣した。	明・鄭和・海上交易
101	1428年	日本	中世	S	正長の土一揆が起こる	近江の馬借などが徳政を求め、京都周辺へ広がった。	土一揆・徳政
102	1453年	西アジア・世界	中世	S	オスマン帝国が東ローマ帝国を滅ぼす	コンスタンティノープルを占領し、東西交易の要地を支配した。	オスマン帝国・東ローマ帝国
103	1467年	日本	中世	S	応仁の乱が始まる	将軍継嗣や守護大名の争いから京都が戦乱となり、戦国時代へ進んだ。	応仁の乱・戦国時代
104	1485年	日本	中世	S	山城国一揆が起こる	国人と農民が守護大名を追い出し、自治を行った。	国一揆・自治
105	1488年	日本	中世	S	加賀の一向一揆が守護を倒す	浄土真宗の門徒が中心となり、約100年間自治を続けた。	一向一揆・浄土真宗
106	1492年	欧米・世界	近世	S	コロンブスが大西洋を横断しカリブ海に到達する	スペインの支援で航海し、ヨーロッパのアメリカ進出が進んだ。	大航海時代・コロンブス
107	1498年	欧米・世界	近世	S	バスコ・ダ・ガマがインド航路を開く	喜望峰を回ってインドに到達し、ポルトガルのアジア進出が進んだ。	大航海時代・ポルトガル
108	1517年	欧米・世界	近世	S	ルターが宗教改革を始める	免罪符販売を批判し、プロテスタントが広がった。	宗教改革・ルター
109	1519年	欧米・世界	近世	A	マゼラン一行が世界周航に出発する	一行は地球が球体であることを実証する航海を成し遂げた。	世界周航・大航海時代
110	1526年	南アジア	近世	A	ムガル帝国が成立する	インド北部を中心にイスラム王朝が成立し、広大な地域を支配した。	ムガル帝国・インド
111	1534年	欧米・世界	近世	A	イエズス会が結成される	カトリック改革を進め、海外での布教活動を活発にした。	イエズス会・宗教改革
112	1541年	欧米・世界	近世	B	カルヴァンがジュネーブで宗教改革を進める	予定説を説き、西ヨーロッパの商工業者に支持された。	カルヴァン・宗教改革
113	1543年	日本	近世	S	鉄砲が種子島に伝わる	ポルトガル人を通じて火縄銃が伝わり、戦い方が変化した。	鉄砲伝来・大航海時代
114	1543年	欧米・世界	近世	B	コペルニクスが地動説を発表する	近代科学の発達につながる新しい宇宙観を示した。	科学革命・地動説
115	1549年	日本	近世	S	フランシスコ・ザビエルがキリスト教を伝える	イエズス会の宣教師として鹿児島に来航し、布教を始めた。	キリスト教伝来・ザビエル
116	1560年	愛知・日本	近世	S	桶狭間の戦いが起こる	織田信長が今川義元を破り、勢力拡大の転機となった。	愛知・桶狭間・織田信長
117	1568年	日本	近世	A	織田信長が足利義昭を奉じて京都に入る	信長が中央政治へ進出し、天下統一を進めた。	織田信長・京都
118	1573年	日本	近世	S	室町幕府が滅亡する	織田信長が足利義昭を京都から追放した。	室町幕府滅亡・織田信長
119	1575年	愛知・日本	近世	S	長篠の戦いが起こる	織田・徳川連合軍が武田軍を破り、鉄砲の集団運用で知られる。	愛知・長篠・鉄砲
120	1582年	日本	近世	S	本能寺の変が起こる	明智光秀が織田信長を討ち、統一事業は豊臣秀吉へ引き継がれた。	本能寺の変・織田信長
121	1582年	日本	近世	S	豊臣秀吉が太閤検地を始める	土地の面積と収穫高を統一基準で把握し、農民を支配した。	太閤検地・豊臣秀吉
122	1588年	日本	近世	S	刀狩令が出される	農民から武器を取り上げ、兵農分離を進めた。	刀狩・兵農分離
123	1588年	欧米・世界	近世	A	イギリスがスペインの無敵艦隊を破る	イギリスが海上進出を強めるきっかけとなった。	イギリス・スペイン・海上覇権
124	1590年	日本	近世	S	豊臣秀吉が全国統一を完成する	小田原の北条氏を降伏させ、全国の大名を従えた。	全国統一・豊臣秀吉
125	1592年	日本	近世	S	文禄の役が始まる	豊臣秀吉が明の征服を目指して朝鮮へ出兵した。	朝鮮出兵・豊臣秀吉
126	1597年	日本	近世	S	慶長の役が始まる	二度目の朝鮮出兵で、秀吉の死後に日本軍は撤退した。	朝鮮出兵・豊臣秀吉
127	1600年	日本	近世	S	関ヶ原の戦いが起こる	徳川家康が石田三成らを破り、全国支配を確実にした。	関ヶ原・徳川家康
128	1600年	欧米・世界	近世	A	イギリス東インド会社が設立される	アジア貿易と植民地支配を進める中心となった。	東インド会社・植民地
129	1602年	欧米・世界	近世	B	オランダ東インド会社が設立される	東南アジア貿易を独占し、オランダの海上進出を支えた。	東インド会社・オランダ
130	1603年	日本	近世	S	徳川家康が征夷大将軍となる	江戸幕府を開き、約260年間続く幕藩体制の基礎を築いた。	江戸幕府・徳川家康
131	1610年	愛知・日本	近世	B	名古屋城の築城が始まる	徳川家康が尾張の政治・軍事拠点として築城を命じた。	愛知・名古屋城
132	1614年	日本	近世	A	大坂冬の陣が起こる	徳川氏が豊臣氏を攻め、翌年の夏の陣へ続いた。	大坂の陣・豊臣氏
133	1615年	日本	近世	S	大坂夏の陣で豊臣氏が滅亡する	徳川氏に対抗する大勢力がなくなり、幕府支配が安定した。	大坂夏の陣・豊臣氏滅亡
134	1615年	日本	近世	S	武家諸法度が制定される	幕府が大名の行動を規制し、統制を強めた。	武家諸法度・大名統制
135	1618年	欧米・世界	近世	B	三十年戦争が始まる	宗教対立から始まり、ヨーロッパ諸国の国際戦争へ発展した。	三十年戦争・宗教対立
136	1624年	日本	近世	B	スペイン船の来航が禁止される	キリスト教禁制と対外統制が段階的に強化された。	鎖国・キリスト教禁制
137	1635年	日本	近世	S	参勤交代が制度化される	大名を江戸と領地に交代で住まわせ、幕府が統制した。	参勤交代・大名統制
138	1637年	日本	近世	S	島原・天草一揆が起こる	重い年貢とキリスト教弾圧に苦しむ農民らが反乱を起こした。	島原天草一揆・キリスト教
139	1639年	日本	近世	S	ポルトガル船の来航が禁止される	幕府の対外政策が完成段階に入り、貿易相手を限定した。	鎖国・ポルトガル
140	1641年	日本	近世	S	オランダ商館が出島へ移される	長崎でオランダ・中国との貿易が管理された。	出島・オランダ・鎖国
141	1642年	欧米・世界	近世	S	イギリスで清教徒革命が始まる	国王と議会が対立し、議会派が勝利して共和政となった。	清教徒革命・イギリス
142	1644年	東アジア	近世	A	清が中国支配を始める	満州族の清が北京に入り、明に代わる王朝となった。	清・中国王朝
143	1648年	欧米・世界	近世	B	ウェストファリア条約が結ばれる	三十年戦争を終結させ、主権国家体制の形成につながった。	ウェストファリア条約・主権国家
144	1685年	日本	近世	A	生類憐みの令が出され始める	徳川綱吉が生命尊重を掲げたが、人々の生活への負担も生じた。	徳川綱吉・生類憐みの令
145	1688年	欧米・世界	近世	S	イギリスで名誉革命が起こる	議会が国王を交代させ、立憲君主制が確立へ向かった。	名誉革命・議会政治
146	1689年	欧米・世界	近世	S	イギリスで権利章典が定められる	国王の権限を制限し、議会の権利を確認した。	権利章典・立憲君主制
147	1709年	日本	近世	A	新井白石の政治が始まる	正徳の治として貨幣改鋳や貿易制限を行った。	新井白石・正徳の治
148	1716年	日本	近世	S	徳川吉宗が享保の改革を始める	幕府財政再建のため新田開発・上米の制・目安箱などを行った。	享保の改革・徳川吉宗
149	1721年	日本	近世	A	享保の改革で目安箱が設置される	庶民の意見を政治に取り入れ、小石川養生所設置にもつながった。	目安箱・享保の改革
150	1742年	日本	近世	A	公事方御定書が制定される	裁判の基準をまとめ、幕府法を整備した。	公事方御定書・徳川吉宗
151	1756年	欧米・世界	近世	B	七年戦争が始まる	ヨーロッパと植民地で英仏などが争い、イギリスの優位が強まった。	七年戦争・植民地
152	1765年	欧米・世界	近世	S	ワットが蒸気機関の改良に着手する	蒸気力の利用が広がり、産業革命を加速させた。	産業革命・蒸気機関
153	1767年	日本	近世	A	田沼意次が側用人となる	商業を重視し、株仲間を奨励して税収増加を図った。	田沼意次・株仲間
154	1772年	日本	近世	S	田沼意次が老中となる	商業政策や長崎貿易を重視した政治を進めた。	田沼意次・商業政策
155	1775年	欧米・世界	近世	A	アメリカ独立戦争が始まる	北米13植民地がイギリスからの独立を目指して戦った。	アメリカ独立・独立戦争
156	1776年	欧米・世界	近世	S	アメリカ独立宣言が出される	基本的人権と人民主権を掲げ、近代民主政治に影響した。	アメリカ独立宣言・人権
157	1782年	日本	近世	A	天明のききんが始まる	冷害や浅間山噴火などで深刻な飢饉となり、百姓一揆が増えた。	天明のききん・百姓一揆
158	1787年	日本	近世	S	松平定信が寛政の改革を始める	倹約・農村復興・学問統制で幕府政治を立て直そうとした。	寛政の改革・松平定信
159	1789年	欧米・世界	近世	S	フランス革命が始まる	自由・平等を求めて絶対王政を倒し、人権宣言を発表した。	フランス革命・人権宣言
160	1792年	日本	近世	A	ラクスマンが根室に来航する	ロシアが日本に通商を求め、幕府が北方警備を意識した。	ラクスマン・ロシア
161	1799年	欧米・世界	近世	A	ナポレオンが政権を握る	クーデターで統領政府を成立させ、革命後のフランスを支配した。	ナポレオン・フランス革命
162	1804年	欧米・世界	近世	S	ナポレオンが皇帝となる	フランス革命の成果を一部継承しながらヨーロッパ支配を進めた。	ナポレオン・フランス帝国
163	1804年	日本	近世	B	レザノフが長崎に来航する	ロシアが通商を要求したが、幕府は拒否した。	レザノフ・ロシア
164	1808年	日本	近世	A	フェートン号事件が起こる	イギリス軍艦が長崎港に侵入し、幕府の海防強化につながった。	フェートン号事件・海防
165	1814年	欧米・世界	近世	S	ウィーン会議が始まる	ナポレオン戦争後、革命前の秩序を回復するウィーン体制を築いた。	ウィーン会議・ウィーン体制
166	1825年	日本	近世	S	異国船打払令が出される	外国船を武力で追い払う強硬な海防政策を定めた。	異国船打払令・海防
167	1830年	欧米・世界	近世	B	フランスで七月革命が起こる	ウィーン体制に反対する自由主義運動が広がった。	七月革命・自由主義
168	1837年	日本	近世	S	大塩平八郎の乱が起こる	元幕府役人が飢饉に苦しむ民衆を救おうとして大阪で反乱を起こした。	大塩平八郎・天保のききん
169	1837年	日本	近世	A	モリソン号事件が起こる	漂流民を送還しようとしたアメリカ船を幕府が砲撃した。	モリソン号事件・異国船打払令
170	1839年	日本	近世	A	蛮社の獄が起こる	渡辺崋山・高野長英らが幕府の対外政策批判で処罰された。	蛮社の獄・渡辺崋山
171	1840年	東アジア	近世	S	アヘン戦争が始まる	清がイギリスに敗れ、東アジアの国際秩序が大きく変化した。	アヘン戦争・清・イギリス
172	1841年	日本	近世	S	水野忠邦が天保の改革を始める	倹約や株仲間解散などで幕府財政と社会秩序を立て直そうとした。	天保の改革・水野忠邦
173	1842年	東アジア	近世	S	清とイギリスが南京条約を結ぶ	清が香港を割譲し、港を開く不平等条約であった。	南京条約・不平等条約
174	1842年	日本	近世	A	薪水給与令が出される	異国船打払令を緩和し、外国船に燃料や水を与える方針へ転換した。	薪水給与令・海防
175	1848年	欧米・世界	近代	A	ヨーロッパ各地で革命が起こる	自由主義・国民主義を求める運動が広がった。	二月革命・国民主義
176	1851年	東アジア	近代	A	太平天国の乱が始まる	清で大規模な農民反乱が起こり、王朝が弱体化した。	太平天国・清
177	1853年	日本	近代	S	ペリーが浦賀に来航する	アメリカが開国を要求し、幕府の対外政策が転換した。	ペリー・黒船・開国
178	1854年	日本	近代	S	日米和親条約が結ばれる	下田・函館を開き、日本の鎖国体制が終わった。	日米和親条約・開国
179	1856年	東アジア	近代	B	アロー戦争が始まる	イギリス・フランスが清を攻撃し、外国権益がさらに拡大した。	アロー戦争・清
180	1857年	南アジア	近代	S	インド大反乱が起こる	イギリス支配への反乱後、インドはイギリス政府の直接統治となった。	インド大反乱・植民地
181	1858年	日本	近代	S	日米修好通商条約が結ばれる	領事裁判権を認め、関税自主権がない不平等条約であった。	日米修好通商条約・不平等条約
182	1858年	日本	近代	S	安政の大獄が始まる	井伊直弼が条約締結や将軍継嗣に反対する人々を処罰した。	安政の大獄・井伊直弼
183	1859年	日本	近代	A	横浜・長崎・函館が開港する	貿易開始により物価上昇や金の流出が起こった。	開港・貿易
184	1859年	欧米・世界	近代	B	ダーウィンが『種の起源』を発表する	進化論を示し、近代科学や思想に大きな影響を与えた。	進化論・科学
185	1860年	日本	近代	S	桜田門外の変が起こる	大老井伊直弼が水戸藩浪士らに暗殺され、幕府の権威が低下した。	桜田門外の変・井伊直弼
186	1861年	欧米・世界	近代	S	アメリカ南北戦争が始まる	奴隷制や州の権限をめぐり北部と南部が戦った。	南北戦争・奴隷制
187	1861年	欧米・世界	近代	A	イタリア王国が成立する	国民主義の高まりの中でイタリア統一が進んだ。	イタリア統一・国民主義
188	1862年	日本	近代	A	生麦事件が起こる	薩摩藩士がイギリス人を殺傷し、翌年の薩英戦争につながった。	生麦事件・薩英戦争
189	1863年	日本	近代	A	薩英戦争が起こる	薩摩藩はイギリスの軍事力を知り、開国・倒幕へ傾いた。	薩英戦争・薩摩藩
190	1864年	日本	近代	A	四国艦隊下関砲撃事件が起こる	長州藩が欧米四国艦隊に敗れ、攘夷の困難さを認識した。	下関砲撃事件・長州藩
191	1866年	日本	近代	S	薩長同盟が成立する	坂本龍馬らの仲介で薩摩藩と長州藩が倒幕へ協力した。	薩長同盟・坂本龍馬
192	1867年	日本	近代	S	徳川慶喜が大政奉還を行う	政権を朝廷に返し、江戸幕府が終わった。	大政奉還・徳川慶喜
193	1867年	日本	近代	S	王政復古の大号令が出される	新政府が天皇中心の政治復帰を宣言した。	王政復古・明治維新
194	1868年	日本	近代	S	戊辰戦争が始まる	新政府軍と旧幕府勢力が戦い、新政府の全国支配が進んだ。	戊辰戦争・明治維新
195	1868年	日本	近代	S	五箇条の御誓文が出される	広く会議を開くことなど、新政府の基本方針を示した。	五箇条の御誓文・明治政府
196	1868年	日本	近代	A	明治への改元と一世一元の制	天皇一代につき元号一つとする制度が始まった。	明治・元号
197	1869年	日本	近代	S	版籍奉還が行われる	藩主が土地と人民を天皇に返し、中央集権化を進めた。	版籍奉還・中央集権
198	1871年	日本	近代	S	廃藩置県が行われる	藩を廃止して府県を置き、中央政府が全国を直接支配した。	廃藩置県・中央集権
199	1871年	日本	近代	S	岩倉使節団が欧米へ出発する	条約改正の予備交渉と欧米制度の調査を行った。	岩倉使節団・欧米視察
200	1871年	日本	近代	A	日清修好条規が結ばれる	日本と清の間で結ばれた対等な近代条約である。	日清修好条規・外交
201	1871年	欧米・世界	近代	S	ドイツ帝国が成立する	普仏戦争に勝利したプロイセン主導でドイツが統一された。	ドイツ統一・ビスマルク
202	1872年	日本	近代	S	学制が発布される	全国的な近代学校制度を整え、国民教育を進めた。	学制・教育
203	1872年	日本	近代	S	新橋・横浜間に鉄道が開通する	近代交通網整備の象徴で、産業発展を支えた。	鉄道・殖産興業
204	1872年	日本	近代	S	富岡製糸場が操業を始める	官営模範工場として製糸技術を普及させた。	富岡製糸場・殖産興業
205	1873年	日本	近代	S	徴兵令が出される	身分に関係なく男子に兵役を課し、近代的な軍隊を整えた。	徴兵令・富国強兵
206	1873年	日本	近代	S	地租改正が始まる	地価を基準に現金で税を納めさせ、政府財政を安定させた。	地租改正・税制
207	1873年	日本	近代	A	明治六年の政変が起こる	征韓論をめぐり西郷隆盛・板垣退助らが政府を去った。	征韓論・明治六年政変
208	1874年	日本	近代	S	民撰議院設立建白書が提出される	板垣退助らが国会開設を求め、自由民権運動が始まった。	自由民権運動・板垣退助
209	1875年	日本	近代	A	樺太・千島交換条約が結ばれる	日本は樺太をロシア領、千島列島を日本領とした。	樺太千島交換条約・国境
210	1876年	日本	近代	S	日朝修好条規が結ばれる	日本が朝鮮に開国を迫って結んだ不平等条約であった。	日朝修好条規・朝鮮
211	1876年	日本	近代	A	廃刀令が出される	士族の特権がさらに廃止され、不満が高まった。	廃刀令・士族
212	1877年	日本	近代	S	西南戦争が起こる	西郷隆盛を中心とする士族反乱で、政府軍が勝利した。	西南戦争・西郷隆盛
213	1881年	日本	近代	S	国会開設の勅諭が出される	1890年に国会を開くことが約束された。	国会開設・自由民権運動
214	1881年	日本	近代	A	自由党が結成される	板垣退助を中心にフランス流の自由主義を掲げた。	自由党・板垣退助
215	1882年	日本	近代	A	立憲改進党が結成される	大隈重信を中心にイギリス流の議会政治を目指した。	立憲改進党・大隈重信
216	1882年	欧米・世界	近代	A	三国同盟が成立する	ドイツ・オーストリア・イタリアが軍事同盟を結んだ。	三国同盟・帝国主義
217	1884年	日本	近代	A	秩父事件が起こる	不況と重税に苦しむ農民が自由民権運動と結び付いて蜂起した。	秩父事件・自由民権運動
218	1884年	欧米・世界	近代	A	ベルリン会議が開かれる	列強がアフリカ分割の原則を定め、植民地化を加速させた。	帝国主義・アフリカ分割
219	1885年	日本	近代	S	内閣制度が始まる	伊藤博文が初代内閣総理大臣となった。	内閣制度・伊藤博文
220	1889年	日本	近代	S	大日本帝国憲法が発布される	天皇主権を基本とし、臣民の権利を法律の範囲内で認めた。	大日本帝国憲法・天皇主権
221	1889年	愛知・日本	近代	B	名古屋市が市制を施行する	近代都市として名古屋の行政制度が整えられた。	愛知・名古屋市
222	1890年	日本	近代	S	第1回帝国議会が開かれる	衆議院と貴族院からなる議会政治が始まった。	帝国議会・議会政治
223	1894年	日本	近代	S	領事裁判権の撤廃に成功する	陸奥宗光がイギリスとの条約改正を実現した。	条約改正・陸奥宗光
224	1894年	東アジア	近代	A	甲午農民戦争が起こる	朝鮮で農民が蜂起し、日清両国の出兵が日清戦争につながった。	甲午農民戦争・朝鮮
225	1894年	日本	近代	S	日清戦争が始まる	朝鮮をめぐる日本と清の対立から戦争となった。	日清戦争・朝鮮
226	1895年	日本	近代	S	下関条約が結ばれる	清が朝鮮の独立を認め、台湾などを日本へ割譲した。	下関条約・日清戦争
227	1895年	日本	近代	S	三国干渉が行われる	ロシア・ドイツ・フランスが日本に遼東半島返還を迫った。	三国干渉・ロシア
228	1899年	東アジア	近代	A	義和団運動が始まる	中国で排外運動が広がり、列強の共同出兵を招いた。	義和団・清
229	1900年	日本	近代	A	立憲政友会が結成される	伊藤博文を中心に政党と政府の協力を目指した。	立憲政友会・伊藤博文
230	1901年	日本	近代	S	八幡製鉄所が操業を始める	日清戦争の賠償金を利用して建設され、重工業発展を支えた。	八幡製鉄所・産業革命
231	1902年	日本	近代	S	日英同盟が結ばれる	ロシアの南下に対抗するため日本とイギリスが協力した。	日英同盟・ロシア
232	1904年	日本	近代	S	日露戦争が始まる	満州と朝鮮をめぐる日本とロシアの対立から戦争となった。	日露戦争・帝国主義
233	1905年	日本	近代	S	ポーツマス条約が結ばれる	日本は韓国での優越権や南樺太を得たが、賠償金は得られなかった。	ポーツマス条約・日露戦争
234	1905年	日本	近代	A	日比谷焼打ち事件が起こる	講和条件への不満から東京で暴動が起こった。	日比谷焼打ち事件・民衆運動
235	1907年	欧米・世界	近代	S	三国協商が成立する	イギリス・フランス・ロシアが協力し、三国同盟と対立した。	三国協商・第一次世界大戦
236	1910年	日本	近代	S	韓国併合が行われる	日本が韓国を植民地とし、朝鮮総督府を置いた。	韓国併合・植民地
237	1911年	日本	近代	S	関税自主権が回復する	小村寿太郎が条約改正を完成させた。	条約改正・小村寿太郎
238	1911年	東アジア	近代	S	辛亥革命が起こる	孫文らの革命運動により清が倒れ、共和政へ向かった。	辛亥革命・孫文
239	1912年	東アジア	近代	S	中華民国が成立する	アジア初の共和国が成立し、孫文が臨時大総統となった。	中華民国・孫文
240	1912年	日本	近代	B	明治天皇が死去し大正時代となる	元号が大正に改められた。	大正時代・元号
241	1914年	欧米・世界	近代	S	第一次世界大戦が始まる	サラエボ事件をきっかけに同盟国と連合国が戦った。	第一次世界大戦・総力戦
242	1914年	日本	近代	S	日本が第一次世界大戦に参戦する	日英同盟を理由にドイツへ宣戦し、中国・太平洋の権益を得た。	第一次世界大戦・日本参戦
243	1915年	日本	近代	S	日本が中国に二十一か条の要求を出す	山東省の権益継承などを要求し、中国の反日感情を強めた。	二十一か条の要求・中国
244	1917年	欧米・世界	近代	S	ロシア革命が起こる	レーニン率いるボリシェヴィキが政権を握り、社会主義国家へ進んだ。	ロシア革命・レーニン
245	1918年	日本	近代	S	米騒動が起こる	米価高騰への抗議が全国へ広がり、寺内内閣が退陣した。	米騒動・民衆運動
246	1918年	日本	近代	S	原敬の本格的政党内閣が成立する	衆議院で多数を占める政党を基盤とする内閣が成立した。	原敬・政党内閣
247	1918年	欧米・世界	近代	A	第一次世界大戦が終結する	ドイツが休戦し、戦後の国際秩序づくりが始まった。	第一次世界大戦・休戦
248	1919年	東アジア	近代	S	三・一独立運動が起こる	朝鮮で日本からの独立を求める運動が全国へ広がった。	三一運動・朝鮮
249	1919年	東アジア	近代	S	五・四運動が起こる	中国で山東省権益の日本継承に反対する反帝国主義運動が起こった。	五四運動・中国
250	1919年	欧米・世界	近代	S	ベルサイユ条約が結ばれる	ドイツに厳しい条件を課し、ベルサイユ体制の基礎となった。	ベルサイユ条約・国際秩序
251	1920年	欧米・世界	近代	S	国際連盟が発足する	世界平和を目的に設立され、日本は常任理事国となった。	国際連盟・集団安全保障
252	1921年	欧米・世界	近代	S	ワシントン会議が始まる	海軍軍縮と中国・太平洋地域の秩序が協議された。	ワシントン会議・軍縮
253	1922年	欧米・世界	近代	S	ソビエト社会主義共和国連邦が成立する	世界初の社会主義国家連邦が成立した。	ソ連・社会主義
254	1923年	日本	近代	S	関東大震災が起こる	東京・横浜を中心に大被害が出て、社会不安も広がった。	関東大震災・災害
255	1925年	日本	近代	S	普通選挙法が成立する	25歳以上の全ての男子に衆議院議員選挙権を認めた。	普通選挙法・大正デモクラシー
256	1925年	日本	近代	S	治安維持法が成立する	国体変革や私有財産制度否認を目的とする運動を取り締まった。	治安維持法・思想統制
257	1926年	愛知・日本	近代	B	豊田自動織機製作所が設立される	愛知の機械工業・後の自動車産業発展の基盤となった。	愛知・豊田・産業
258	1929年	欧米・世界	近代	S	世界恐慌が始まる	ニューヨーク株式市場の暴落から世界的な不況が広がった。	世界恐慌・ブロック経済
259	1931年	日本	近代	S	満州事変が起こる	関東軍が柳条湖事件をきっかけに満州を占領した。	満州事変・関東軍
260	1932年	東アジア	近代	S	満州国が建国される	日本が清朝最後の皇帝溥儀を元首としてつくらせた。	満州国・溥儀
261	1932年	日本	近代	S	五・一五事件が起こる	海軍青年将校らが犬養毅首相を暗殺し、政党内閣が終わった。	五一五事件・軍部
262	1933年	日本	近代	S	日本が国際連盟脱退を通告する	満州国を認めない国際連盟の勧告に反発した。	国際連盟脱退・満州事変
263	1933年	欧米・世界	近代	S	ヒトラーがドイツ首相となる	ナチスが独裁体制を築き、再軍備と領土拡大を進めた。	ヒトラー・ナチス
264	1936年	日本	近代	S	二・二六事件が起こる	陸軍青年将校が政府要人を襲撃し、軍部の政治的影響が強まった。	二二六事件・軍部
265	1936年	欧米・世界	近代	B	スペイン内戦が始まる	ファシズム勢力と人民戦線が争い、第二次世界大戦の前哨戦となった。	スペイン内戦・ファシズム
266	1937年	日本	近代	S	日中戦争が始まる	盧溝橋事件をきっかけに中国との全面戦争へ拡大した。	日中戦争・盧溝橋事件
267	1937年	愛知・日本	近代	B	トヨタ自動車工業が設立される	愛知県の自動車産業発展を象徴する企業が成立した。	愛知・トヨタ・産業
268	1938年	日本	近代	S	国家総動員法が制定される	政府が議会の承認なしに人員・物資を戦争へ動員できるようにした。	国家総動員法・戦時体制
269	1938年	欧米・世界	近代	A	ミュンヘン会談が開かれる	英仏がドイツのズデーテン地方併合を認める宥和政策をとった。	ミュンヘン会談・宥和政策
270	1939年	欧米・世界	近代	S	第二次世界大戦が始まる	ドイツのポーランド侵攻に対し英仏が宣戦した。	第二次世界大戦・ポーランド
271	1940年	日本	近代	S	日独伊三国同盟が結ばれる	日本がドイツ・イタリアと軍事同盟を結び、米英との対立を深めた。	日独伊三国同盟・枢軸国
272	1940年	日本	近代	S	大政翼賛会が結成される	政党が解散し、戦争遂行のための政治組織へ統合された。	大政翼賛会・戦時体制
273	1941年	日本	近代	A	日ソ中立条約が結ばれる	日本とソ連が相互不可侵を約束した。	日ソ中立条約・外交
274	1941年	日本	近代	S	太平洋戦争が始まる	日本がハワイの真珠湾などを攻撃し、米英と戦争に入った。	太平洋戦争・真珠湾
275	1942年	日本	近代	A	ミッドウェー海戦で日本が敗れる	日本が主力空母を失い、太平洋戦争の戦局転換点となった。	ミッドウェー海戦・太平洋戦争
276	1943年	欧米・世界	近代	B	イタリアが降伏する	枢軸国の一角が崩れ、連合国側が優勢となった。	第二次世界大戦・イタリア
277	1944年	欧米・世界	近代	A	連合国軍がノルマンディーに上陸する	西ヨーロッパ解放が進み、ドイツは東西から攻撃された。	ノルマンディー・第二次世界大戦
278	1945年	日本	近代	S	沖縄戦が行われる	住民を巻き込む激しい地上戦となり、多数の犠牲者が出た。	沖縄戦・太平洋戦争
279	1945年	日本	近代	S	広島・長崎に原子爆弾が投下される	広島は8月6日、長崎は8月9日に被爆し、多数の犠牲者が出た。	原子爆弾・戦争被害
280	1945年	日本	近代	S	日本がポツダム宣言を受諾する	8月15日に終戦が国民へ伝えられ、太平洋戦争が終わった。	ポツダム宣言・終戦
281	1945年	欧米・世界	現代	S	国際連合が成立する	第二次世界大戦の反省から平和と安全を守る国際機関として発足した。	国際連合・集団安全保障
282	1945年	日本	現代	S	GHQによる占領政策が始まる	連合国軍総司令部のもとで非軍事化・民主化が進められた。	GHQ・占領政策
283	1946年	日本	現代	S	日本国憲法が公布される	国民主権・基本的人権の尊重・平和主義を基本原理とした。	日本国憲法・三大原則
284	1946年	日本	現代	S	農地改革が本格化する	地主の土地を政府が買い上げ、小作農へ売り渡した。	農地改革・民主化
285	1947年	日本	現代	S	日本国憲法が施行される	5月3日に施行され、新しい政治制度が始まった。	日本国憲法・施行
286	1947年	日本	現代	S	教育基本法・学校教育法が施行される	男女共学や六・三・三・四制を基本とする教育制度が整った。	教育改革・学校制度
287	1947年	南アジア	現代	S	インドがイギリスから独立する	非暴力・不服従運動などを背景に独立を達成した。	インド独立・ガンディー
288	1948年	西アジア・世界	現代	A	イスラエルが建国される	パレスチナをめぐる対立が中東戦争へ発展した。	イスラエル・中東問題
289	1949年	東アジア	現代	S	中華人民共和国が成立する	中国共産党の毛沢東が新国家の成立を宣言した。	中華人民共和国・毛沢東
290	1949年	欧米・世界	現代	S	北大西洋条約機構が成立する	アメリカを中心とする西側諸国の軍事同盟が成立した。	NATO・冷戦
291	1950年	東アジア	現代	S	朝鮮戦争が始まる	北朝鮮と韓国の戦争に米中などが介入し、冷戦がアジアへ拡大した。	朝鮮戦争・冷戦
292	1951年	日本	現代	S	サンフランシスコ平和条約が結ばれる	日本と連合国の多くが講和し、日本の主権回復が決まった。	サンフランシスコ平和条約・主権回復
293	1951年	日本	現代	S	日米安全保障条約が結ばれる	日本の安全保障のため米軍駐留を認めた。	日米安全保障条約・日米関係
294	1952年	日本	現代	S	日本が主権を回復する	サンフランシスコ平和条約が発効し、占領が終了した。	主権回復・占領終了
295	1953年	東アジア	現代	A	朝鮮戦争の休戦協定が結ばれる	軍事境界線付近で分断が固定化した。	朝鮮戦争・朝鮮半島
296	1954年	日本	現代	A	第五福竜丸が被ばくする	ビキニ環礁の水爆実験で被ばくし、原水爆禁止運動が広がった。	第五福竜丸・核兵器
297	1955年	欧米・世界	現代	S	アジア・アフリカ会議が開かれる	バンドンで植民地支配反対と平和共存を確認した。	バンドン会議・第三世界
298	1955年	欧米・世界	現代	S	ワルシャワ条約機構が成立する	ソ連を中心とする東側諸国の軍事同盟が成立した。	ワルシャワ条約機構・冷戦
299	1955年	日本	現代	S	自由民主党が結成され、55年体制が成立する	左右社会党の統一と自由民主党の結成によって、保守政党と社会党を中心とする「55年体制」が成立した。	55年体制・自由民主党・日本社会党
300	1956年	日本	現代	S	日ソ共同宣言が調印される	日本とソ連が国交を回復し、日本の国連加盟への道が開かれた。	日ソ共同宣言・国交回復
301	1956年	日本	現代	S	日本が国際連合に加盟する	日本が国際社会へ本格的に復帰した。	国際連合・日本加盟
302	1957年	欧米・世界	現代	A	ヨーロッパ経済共同体設立条約が調印される	ローマ条約が調印され、西ヨーロッパ統合が進んだ。	EEC・ヨーロッパ統合
303	1959年	愛知・日本	現代	B	伊勢湾台風が東海地方を襲う	愛知県を含む東海地方に甚大な被害を与え、防災対策に影響した。	愛知・伊勢湾台風・災害
304	1960年	日本	現代	S	新しい日米安全保障条約が発効する	日米の共同防衛を明確にし、国内で安保闘争が起こった。	日米安全保障条約・安保闘争
305	1960年	欧米・世界	現代	S	「アフリカの年」	アフリカで17か国が相次いで独立した。	アフリカの年・民族独立
306	1961年	欧米・世界	現代	A	ベルリンの壁が築かれる	東西ベルリンの分断が冷戦の象徴となった。	ベルリンの壁・冷戦
307	1962年	欧米・世界	現代	S	キューバ危機が起こる	米ソが核戦争寸前まで対立し、その後緊張緩和が模索された。	キューバ危機・冷戦
308	1963年	欧米・世界	現代	A	部分的核実験停止条約が結ばれる	大気圏内・宇宙空間・水中の核実験を禁止した。	核実験停止条約・軍縮
309	1964年	日本	現代	S	東海道新幹線が開通する	東京・新大阪間を結び、高度経済成長の象徴となった。	東海道新幹線・高度経済成長
310	1964年	日本	現代	S	東京オリンピックが開催される	戦後復興と国際社会復帰を示す大規模国際大会となった。	東京オリンピック・高度経済成長
311	1965年	日本	現代	S	日韓基本条約が結ばれる	日本と韓国が国交を正常化した。	日韓基本条約・国交正常化
312	1965年	欧米・世界	現代	S	アメリカがベトナムへの本格介入を始める	北爆と地上軍派遣によりベトナム戦争が激化した。	ベトナム戦争・冷戦
313	1966年	東アジア	現代	A	中国で文化大革命が始まる	毛沢東が主導し、政治・社会・教育に大きな混乱をもたらした。	文化大革命・中国
314	1967年	欧米・世界	現代	A	ヨーロッパ共同体が発足する	EECなど三共同体が統合され、ECとなった。	EC・ヨーロッパ統合
315	1968年	日本	現代	A	小笠原諸島が日本へ返還される	アメリカ統治から日本の施政権下へ戻った。	小笠原返還・領土
316	1968年	欧米・世界	現代	B	プラハの春が武力で抑えられる	チェコスロバキアの改革運動にソ連軍などが介入した。	プラハの春・冷戦
317	1969年	愛知・日本	現代	B	東名高速道路が全線開通する	東京と名古屋を結ぶ物流網が整い、経済成長を支えた。	愛知・東名高速・交通
318	1970年	日本	現代	A	日本万国博覧会が大阪で開かれる	高度経済成長と科学技術の発展を象徴した。	大阪万博・高度経済成長
319	1971年	東アジア	現代	A	中華人民共和国が国連代表権を得る	台湾に代わり中国の代表として国連に参加した。	中国・国際連合
320	1972年	日本	現代	S	沖縄が日本へ返還される	アメリカ統治から日本へ施政権が返還された。	沖縄返還・日米関係
321	1972年	日本	現代	S	日中共同声明が発表される	日本と中華人民共和国の国交が正常化した。	日中共同声明・国交正常化
322	1973年	西アジア・世界	現代	S	第四次中東戦争が起こる	アラブ諸国とイスラエルの戦争を背景に石油戦略が使われた。	第四次中東戦争・中東問題
323	1973年	欧米・世界	現代	S	第一次石油危機が起こる	原油価格上昇で日本の高度経済成長が終わり、安定成長へ移った。	石油危機・高度経済成長
324	1975年	欧米・世界	現代	S	ベトナム戦争が終結する	北ベトナム側が勝利し、翌年ベトナム社会主義共和国が成立した。	ベトナム戦争・冷戦
325	1975年	欧米・世界	現代	A	第1回主要国首脳会議が開かれる	先進国が世界経済問題を協議し、後のG7へつながった。	サミット・G7
326	1978年	日本	現代	S	日中平和友好条約が結ばれる	日本と中国の平和友好関係を条約で確認した。	日中平和友好条約・外交
327	1978年	東アジア	現代	A	中国で改革開放政策が始まる	鄧小平のもとで市場原理を取り入れ、経済成長を進めた。	改革開放・鄧小平
328	1979年	西アジア・世界	現代	A	イラン革命が起こる	王政が倒れ、イスラム共和制が成立した。	イラン革命・中東
329	1979年	欧米・世界	現代	A	ソ連がアフガニスタンへ侵攻する	米ソの緊張が再び高まり、新冷戦と呼ばれた。	アフガニスタン侵攻・冷戦
330	1985年	欧米・世界	現代	S	ゴルバチョフがソ連共産党書記長となる	ペレストロイカとグラスノスチを進め、冷戦終結へ影響した。	ゴルバチョフ・ペレストロイカ
331	1987年	欧米・世界	現代	A	米ソが中距離核戦力全廃条約に調印する	核兵器の一部を実際に廃棄する軍縮条約となった。	INF条約・軍縮
332	1989年	欧米・世界	現代	S	ベルリンの壁が崩壊する	東欧民主化と冷戦終結を象徴する出来事となった。	ベルリンの壁崩壊・冷戦終結
333	1989年	日本	現代	A	昭和天皇が死去し平成時代となる	元号が平成に改められた。	平成・元号
334	1990年	欧米・世界	現代	S	東西ドイツが統一される	冷戦下で分断されていたドイツが再統一された。	ドイツ統一・冷戦終結
335	1991年	欧米・世界	現代	S	ソビエト連邦が解体する	15共和国が独立し、冷戦構造が終わった。	ソ連崩壊・冷戦終結
336	1991年	西アジア・世界	現代	A	湾岸戦争が起こる	イラクのクウェート侵攻に対し多国籍軍が攻撃した。	湾岸戦争・中東
337	1993年	欧米・世界	現代	S	ヨーロッパ連合が成立する	マーストリヒト条約発効により経済・政治統合が進んだ。	EU・ヨーロッパ統合
338	1995年	日本	現代	A	阪神・淡路大震災が起こる	都市直下型地震が大きな被害をもたらし、防災・ボランティア活動に影響した。	阪神淡路大震災・災害
339	2001年	欧米・世界	現代	A	アメリカ同時多発テロが起こる	国際テロ対策とアフガニスタン戦争につながった。	同時多発テロ・国際紛争
340	2002年	日本	現代	B	日朝首脳会談が開かれる	日本人拉致問題や国交正常化について協議された。	日朝関係・拉致問題
341	2005年	愛知・日本	現代	B	愛知万博が開催される	「自然の叡智」をテーマに愛知県で国際博覧会が開かれた。	愛知・愛知万博
342	2008年	欧米・世界	現代	B	世界金融危機が広がる	アメリカの金融機関破綻をきっかけに世界同時不況となった。	世界金融危機・経済
343	2011年	日本	現代	A	東日本大震災が起こる	巨大地震と津波、原子力発電所事故が甚大な被害をもたらした。	東日本大震災・災害
344	2019年	日本	現代	B	天皇の代替わりで令和時代となる	元号が平成から令和に改められた。	令和・元号
345	905年	日本	古代	A	『古今和歌集』がまとめられる	紀貫之らが編集した最初の勅撰和歌集で、国風文化を代表する。	国風文化・古今和歌集
346	11世紀初め	日本	古代	A	紫式部の『源氏物語』が成立する	かな文字で宮廷社会を描き、国風文化を代表する文学作品となった。	国風文化・源氏物語・紫式部
347	1175年	日本	中世	A	法然が浄土宗を開く	念仏による救いを説き、鎌倉新仏教の先駆けとなった。	法然・浄土宗・鎌倉仏教
348	1191年	日本	中世	A	栄西が宋から帰国し臨済宗を広める	禅宗が武士の気風に合い、鎌倉幕府の保護を受けた。	栄西・臨済宗・鎌倉仏教
349	1205年	日本	中世	B	『新古今和歌集』がまとめられる	後鳥羽上皇の命で編集され、鎌倉文化を代表する和歌集となった。	新古今和歌集・鎌倉文化
350	1253年	日本	中世	A	日蓮が法華宗を開く	法華経を重視し、題目を唱えることによる救いを説いた。	日蓮・法華宗・鎌倉仏教
351	1397年	日本	中世	A	足利義満が北山に金閣を建てる	公家文化と武家文化が融合した北山文化を象徴する。	金閣・北山文化・足利義満
352	1489年	日本	中世	A	足利義政が東山に銀閣を建てる	書院造・水墨画・茶の湯など東山文化を象徴する。	銀閣・東山文化・足利義政
353	1609年	日本	近世	A	薩摩藩が琉球王国を支配下に置く	琉球は中国との朝貢関係を保ちながら薩摩藩にも従属した。	琉球王国・薩摩藩・東アジア
354	1613年	日本	近世	B	慶長遣欧使節が出発する	支倉常長らが伊達政宗の命でメキシコ・ヨーロッパへ渡った。	慶長遣欧使節・支倉常長
355	1689年	日本	近世	A	松尾芭蕉が『おくのほそ道』の旅に出る	俳諧を芸術として高め、元禄文化を代表した。	松尾芭蕉・元禄文化・俳諧
356	1774年	日本	近世	S	杉田玄白らが『解体新書』を出版する	オランダ語の解剖書を翻訳し、蘭学発達の画期となった。	解体新書・杉田玄白・蘭学
357	1821年	日本	近世	S	伊能忠敬の全国地図が完成する	実測に基づく精密な日本地図が幕府へ提出された。	伊能忠敬・日本地図
358	1833年ごろ	日本	近世	A	歌川広重の「東海道五十三次」が刊行される	街道と庶民の旅を描き、化政文化を代表する浮世絵となった。	歌川広重・浮世絵・化政文化
359	1875年	東アジア	近代	A	江華島事件が起こる	日本軍艦と朝鮮側が衝突し、翌年の日朝修好条規につながった。	江華島事件・朝鮮
360	1886年	日本	近代	S	ノルマントン号事件が起こる	領事裁判権の不当さへの世論が高まり、条約改正運動を促した。	ノルマントン号事件・条約改正
361	1890年	日本	近代	A	教育勅語が発布される	忠君愛国などを道徳教育の柱とし、学校教育に大きく影響した。	教育勅語・教育
362	1900年	東アジア	近代	A	義和団事件で列強が北京へ出兵する	日本を含む八か国が清へ出兵し、列強の中国進出が強まった。	義和団事件・八か国連合軍
363	1918年	日本	近代	A	シベリア出兵が始まる	ロシア革命への干渉を目的に日本などが軍隊を派遣した。	シベリア出兵・ロシア革命
364	1922年	日本	近代	S	全国水平社が結成される	被差別部落の人々が自ら差別解放を求める運動を進めた。	全国水平社・人権
365	1930年	日本	近代	A	ロンドン海軍軍縮条約が結ばれる	補助艦保有量を制限し、国内では統帥権干犯問題が起こった。	ロンドン海軍軍縮条約・軍縮
366	1948年	欧米・世界	現代	S	世界人権宣言が採択される	国際連合が全ての人の基本的人権を確認した。	世界人権宣言・国際連合・人権
367	1967年	日本	現代	A	公害対策基本法が制定される	高度経済成長に伴う公害問題へ国が本格的に対応し始めた。	公害対策基本法・公害
368	1971年	欧米・世界	現代	A	ニクソン・ショックが起こる	アメリカが金とドルの交換停止を発表し、国際通貨体制が変化した。	ニクソンショック・世界経済
369	1995年	欧米・世界	現代	A	世界貿易機関が発足する	自由貿易のルールづくりと紛争処理を担う国際機関となった。	WTO・国際貿易
370	1869年	日本	近代	A	蝦夷地を北海道と改称する	開拓使を置いて北海道の本格的な開拓と統治を進め、アイヌ民族への同化政策も進められた。	北海道・開拓使・明治政府
371	1871年	日本	近代	S	解放令が出される	江戸時代に差別されてきた人々の身分上の呼称を廃止し、法の上では平民と同じ身分としたが、社会的な差別はその後も残った。	解放令・人権・身分制度
372	1879年	日本	近代	S	琉球藩を廃して沖縄県を設置する（琉球処分）	明治政府が琉球王国の旧来の体制を廃し、沖縄県を設置して日本の地方行政制度へ組み込んだ。	琉球処分・沖縄県・明治政府
373	1883年	日本	近代	A	鹿鳴館が開館する	欧化政策の象徴となる施設で、井上馨らは西洋風の外交・社交を通して条約改正を進めようとした。	鹿鳴館・欧化政策・条約改正
374	1912年	日本	近代	S	第一次護憲運動が始まる	藩閥政治に反対して『閥族打破・憲政擁護』を掲げる運動が広がり、翌年に第3次桂太郎内閣を退陣へ追い込んだ。	第一次護憲運動・大正デモクラシー・政党政治
375	1927年	日本	近代	S	金融恐慌が起こる	銀行への取り付けが広がり、多くの銀行が休業・破綻した。昭和初期の経済不安と政党政治の動揺を理解する重要事項。	金融恐慌・昭和恐慌・経済
376	1945年	日本	現代	S	財閥解体が始まる	GHQの占領政策のもと、巨大財閥の経済支配を弱めて経済の民主化を進める改革が実施された。	財閥解体・GHQ・民主化
377	1945年	日本	現代	A	労働組合法が制定される	労働者が団結し、団体交渉や争議を行う権利を保障する方向が示され、戦後の労働民主化が進められた。	労働組合法・労働三権・民主化
378	1950年	日本	現代	A	警察予備隊が創設される	朝鮮戦争の開始を背景に治安維持を目的として設けられ、のちの保安隊・自衛隊へつながった。	警察予備隊・朝鮮戦争・再軍備
379	1954年	日本	現代	S	自衛隊が発足する	保安隊などを改組して陸上・海上・航空自衛隊が発足した。戦後日本の安全保障を考える重要な転換点。	自衛隊・安全保障・冷戦
380	約1万6000年前	日本	古代以前	S	縄文土器が使われ始め、縄文時代へ移る	日本列島で土器が使われるようになり、気候の温暖化に適応しながら定住生活が広がった。狩猟・採集・漁労を組み合わせ、竪穴住居・貝塚・土偶など縄文文化が発達した。	縄文時代・縄文土器・定住
381	紀元前4世紀ごろ（目安）	日本	古代以前	S	稲作が西日本を中心に広まり、弥生時代へ移る	朝鮮半島南部や中国大陸との交流を背景に、水田稲作や金属器が広がった。米の蓄積によってむらの規模や社会の差が大きくなり、やがて『クニ』が形成されていく。開始時期には地域差があるため、年代は目安として扱う。	弥生時代・稲作・金属器
382	3世紀後半ごろ	日本	古代	S	大型古墳が築かれ、ヤマト王権が勢力を拡大する	近畿地方を中心に前方後円墳など大型古墳が築かれ、有力豪族をまとめるヤマト王権が成長した。古墳の分布や副葬品、中国・朝鮮との交流から政治的統合の進展を読み取る。	古墳時代・ヤマト王権・前方後円墳
383	1945年	日本	現代	S	衆議院議員選挙法が改正され、女性参政権が認められる	戦後民主化の一環として女性にも選挙権・被選挙権が認められた。翌1946年の総選挙では女性が初めて国政選挙に参加し、女性国会議員も誕生した。	女性参政権・民主化・選挙
384	1946年	日本	現代	A	戦後初の総選挙で女性が初めて投票する	女性参政権を認めた改正選挙法のもとで総選挙が行われ、女性有権者が初めて国政選挙に参加した。	女性参政権・総選挙・民主化
385	1955年ごろ	日本	現代	S	高度経済成長が始まる	1950年代半ばから1970年代初めにかけて日本経済が急速に成長し、工業化・都市化・大量消費が進んだ。生活水準が上がる一方、公害や過密・過疎などの問題も深刻化した。	高度経済成長・工業化・公害
386	7世紀初めごろ	日本	古代	A	法隆寺が建立され、飛鳥文化を代表する仏教建築が発達する	法隆寺は聖徳太子ゆかりの寺院で、飛鳥文化を代表する。現存する西院伽藍は世界最古級の木造建築として知られる。	法隆寺・飛鳥文化・仏教建築
387	741年	日本	古代	A	国分寺・国分尼寺の建立が命じられる	聖武天皇は国ごとに国分寺・国分尼寺を置き、仏教の力で国を守ろうとした。	国分寺・聖武天皇・天平文化
388	8世紀後半ごろ	日本	古代	A	『万葉集』が成立する	天皇から防人・農民まで幅広い人々の歌を収めた、日本最古の歌集である。	万葉集・和歌・天平文化
389	8世紀	日本	古代	A	正倉院にシルクロード由来の宝物が伝わる	正倉院には聖武天皇ゆかりの品々が納められ、西アジアや中国などとの交流を示す宝物も残る。	正倉院・天平文化・シルクロード
390	9世紀ごろ	日本	古代	A	ひらがな・カタカナが発達する	漢字をもとに、ひらがな・カタカナが発達し、日本語を表現しやすくなった。	かな文字・国風文化・文字
391	1000年ごろ	日本	古代	A	清少納言の『枕草子』が成立する	清少納言が宮廷生活や自然への感覚を随筆的に記した作品で、国風文化を代表する。	枕草子・清少納言・国風文化
392	10〜11世紀ごろ	日本	古代	A	大和絵・寝殿造が発達する	日本の風景や物語を描く大和絵、貴族住宅の寝殿造などが国風文化の中で発達した。	大和絵・寝殿造・国風文化
393	12世紀前半ごろ	日本	中世	B	『源氏物語絵巻』が制作される	『源氏物語』の場面を絵と詞書で表した絵巻で、平安貴族の生活や大和絵の特徴を伝える。	源氏物語絵巻・絵巻物・大和絵
394	1203年	日本	中世	A	東大寺南大門の金剛力士像が完成する	運慶・快慶ら慶派の仏師による力強く写実的な彫刻で、鎌倉文化を代表する。	運慶・快慶・金剛力士像
395	1212年	日本	中世	B	鴨長明の『方丈記』が成立する	災害や社会の不安定さを背景に、人の世の無常を描いた随筆である。	方丈記・鴨長明・無常観
396	13世紀前半	日本	中世	A	親鸞が浄土真宗を広める	親鸞は阿弥陀仏の本願にすがる信仰を重視し、浄土真宗の教えを広めた。	親鸞・浄土真宗・鎌倉仏教
397	1227年	日本	中世	A	道元が宋から帰国し曹洞宗を広める	道元は座禅そのものを重視する曹洞宗を広め、永平寺を中心に教えを伝えた。	道元・曹洞宗・鎌倉仏教
398	13世紀後半	日本	中世	B	一遍が時宗を広める	一遍は各地を遊行し、踊り念仏などを通して時宗を広めた。	一遍・時宗・踊り念仏
399	13世紀前半ごろ	日本	中世	A	『平家物語』が成立する	平氏の繁栄と滅亡を描き、『祇園精舎』に象徴される無常観を伝える軍記物語である。	平家物語・軍記物語・無常観
400	14世紀前半ごろ	日本	中世	B	吉田兼好の『徒然草』が成立する	吉田兼好が人生観や日常の観察を記した随筆で、中世の無常観や美意識が表れている。	徒然草・吉田兼好・随筆
401	14世紀後半	日本	中世	A	観阿弥・世阿弥が能を大成する	観阿弥・世阿弥は猿楽を発展させ、足利義満の保護も受けて能を大成した。	観阿弥・世阿弥・能
402	15世紀後半	日本	中世	A	雪舟が水墨画を大成する	雪舟は明に渡って絵画を学び、日本の水墨画を大成した。	雪舟・水墨画・東山文化
403	15世紀ごろ	日本	中世	A	書院造が発達する	床の間・違い棚・付書院などをもつ書院造が発達し、後の和風住宅の基礎となった。	書院造・東山文化・建築
404	15世紀ごろ	日本	中世	B	枯山水の庭園が発達する	石や砂を用いて山水を象徴的に表す枯山水が禅宗寺院などで発達した。	枯山水・禅宗・東山文化
405	15〜16世紀ごろ	日本	近世	A	茶の湯が広がる	村田珠光らによって茶の湯が発展し、やがてわび茶の文化へつながった。	茶の湯・わび茶・東山文化
406	1576年	日本	近世	A	織田信長が安土城の築城を始める	安土城は高い天主をもつ壮大な城郭で、戦国大名の権力を示す象徴となった。	安土城・織田信長・城郭
407	16世紀後半	日本	近世	A	狩野永徳が豪壮な障壁画を描く	狩野永徳は金碧障壁画など豪華で力強い絵画を制作し、桃山文化を代表した。	狩野永徳・障壁画・桃山文化
408	16世紀後半	日本	近世	A	南蛮文化が広がる	ヨーロッパ人との交流を通して、南蛮屏風・活版印刷・新しい衣食文化などが伝わった。	南蛮文化・南蛮屏風・大航海時代
409	16世紀後半	日本	近世	A	千利休がわび茶を大成する	千利休は簡素さを重んじるわび茶を大成し、茶の湯を日本文化の重要な形式へ高めた。	千利休・わび茶・茶の湯
410	17世紀初め	日本	近世	A	出雲阿国らのかぶき踊りが広がる	出雲阿国のかぶき踊りを起源の一つとして、歌舞伎が都市の庶民文化として発達した。	歌舞伎・出雲阿国・庶民文化
411	17世紀後半	日本	近世	B	菱川師宣が浮世絵を発展させる	菱川師宣は木版画を用いた浮世絵を発展させ、都市の風俗や美人を描いた。	菱川師宣・浮世絵・元禄文化
412	1682年	日本	近世	A	井原西鶴の『好色一代男』が刊行される	井原西鶴は町人の生活や欲望を生き生きと描く浮世草子を発展させた。	井原西鶴・浮世草子・元禄文化
413	1703年	日本	近世	A	近松門左衛門の『曽根崎心中』が上演される	近松門左衛門は人形浄瑠璃や歌舞伎の脚本で町人社会の人間関係を描いた。	近松門左衛門・人形浄瑠璃・元禄文化
414	18世紀後半	日本	近世	B	与謝蕪村が俳諧と絵画で活躍する	与謝蕪村は俳人であると同時に画家としても活躍し、俳諧と絵画を結び付けた。	与謝蕪村・俳諧・文人画
415	1798年	日本	近世	A	本居宣長が『古事記伝』を完成する	本居宣長は『古事記』を研究し、日本古来の考え方を明らかにしようとする国学を大成した。	本居宣長・国学・古事記伝
416	1802年	日本	近世	A	十返舎一九の『東海道中膝栗毛』が刊行され始める	弥次郎兵衛と喜多八の旅をユーモラスに描き、庶民の旅行文化を反映した作品である。	十返舎一九・東海道中膝栗毛・化政文化
417	1814年	日本	近世	B	滝沢馬琴の『南総里見八犬伝』の刊行が始まる	滝沢馬琴の長編読本で、江戸後期の出版文化の発達を代表する作品である。	滝沢馬琴・南総里見八犬伝・化政文化
418	1831年ごろ	日本	近世	A	葛飾北斎の『富嶽三十六景』が刊行される	富士山をさまざまな場所・構図から描いた浮世絵で、化政文化を代表する。	葛飾北斎・富嶽三十六景・浮世絵
419	1872年	日本	近代	A	福沢諭吉の『学問のすゝめ』が刊行され始める	身分にとらわれず学ぶことの大切さや個人の自立を説き、文明開化期に広く読まれた。	福沢諭吉・学問のすゝめ・文明開化
420	1885年	日本	近代	B	坪内逍遥が『小説神髄』を発表する	坪内逍遥は近代小説のあり方を論じ、人物の心理や現実を描く文学を重視した。	坪内逍遥・小説神髄・近代文学
421	1887年	日本	近代	B	二葉亭四迷の『浮雲』が刊行される	言文一致に近い文体を用いた近代小説の先駆的作品として知られる。	二葉亭四迷・浮雲・言文一致
422	1890年	日本	近代	B	森鷗外の『舞姫』が発表される	ドイツ留学経験を背景に、近代化する日本人の自我や葛藤を描いた作品である。	森鷗外・舞姫・近代文学
423	1895年	日本	近代	B	樋口一葉の『たけくらべ』が発表される	明治の東京で生きる人々を描き、近代文学を代表する女性作家として高く評価された。	樋口一葉・たけくらべ・近代文学
424	1905年	日本	近代	B	夏目漱石の『吾輩は猫である』が発表される	近代社会や知識人を風刺的に描き、夏目漱石が作家として注目されるきっかけとなった。	夏目漱石・吾輩は猫である・近代文学
425	1890年代	日本	近代	B	正岡子規が俳句・短歌の革新を進める	正岡子規は写生を重視し、俳句・短歌を近代文学として刷新した。	正岡子規・俳句・短歌
426	1915年	日本	近代	B	芥川龍之介の『羅生門』が発表される	古典を題材に人間心理を描いた短編で、大正期の文学を代表する作品の一つとなった。	芥川龍之介・羅生門・大正文化
427	762年	西アジア・世界	中世	B	アッバース朝がバグダッドを都とする	バグダッドは交易と学問の中心として発展し、イスラム文明の繁栄を象徴する都市となった。	バグダッド・アッバース朝・イスラム文明
428	9世紀ごろ	西アジア・世界	中世	B	バグダッドで学問研究と翻訳活動が盛んになる	「知恵の館」などでギリシャ語文献の翻訳や数学・天文学・医学の研究が進んだ。	知恵の館・イスラム科学・翻訳
429	8〜9世紀ごろ	東アジア	中世	B	中国で木版印刷が発達する	唐代から木版印刷が発達し、仏典や書物を多数作る技術が広がった。	木版印刷・印刷・中国
430	11世紀ごろ	東アジア	中世	B	畢昇が活字を用いた印刷技術を考案する	宋代の畢昇は陶製の活字を用いる印刷技術を考案したとされる。	畢昇・活版印刷・宋
431	12世紀前半	南アジア	中世	B	アンコール・ワットが建設される	クメール王朝が建設した大規模な宗教建築で、インド文化の影響を受けた東南アジア文化を示す。	アンコールワット・クメール王朝・東南アジア
432	14世紀ごろ	欧米・世界	中世	A	イタリアでルネサンスが始まる	古代ギリシャ・ローマ文化を見直し、人間や現実世界を重視する文化運動がイタリアで広がった。	ルネサンス・人文主義・イタリア
433	1450年ごろ	欧米・世界	中世	A	グーテンベルクが金属活字印刷を実用化する	金属活字と印刷機を組み合わせ、大量の書物を比較的安く作れるようにした。	グーテンベルク・活版印刷・印刷革命
434	16世紀初め	欧米・世界	近世	B	レオナルド・ダ・ヴィンチが『モナ・リザ』を描く	人体や自然を観察した写実的表現を追究し、ルネサンスを代表する芸術家となった。	レオナルドダヴィンチ・モナリザ・ルネサンス
435	1512年	欧米・世界	近世	B	ミケランジェロがシスティーナ礼拝堂天井画を完成する	力強い人体表現でルネサンス美術を代表し、彫刻・建築でも大きな業績を残した。	ミケランジェロ・ルネサンス・美術
436	1609年	欧米・世界	近世	A	ガリレオが望遠鏡で天体観測を行う	望遠鏡による観測で月面や木星の衛星などを調べ、地動説を支持する証拠を示した。	ガリレオ・望遠鏡・科学革命
437	1687年	欧米・世界	近世	A	ニュートンが『プリンキピア』を刊行する	万有引力と運動法則を体系化し、天体と地上の運動を同じ法則で説明した。	ニュートン・万有引力・科学革命
438	1689年	欧米・世界	近世	A	ロックが政治思想を著し、社会契約や抵抗権を説く	ロックは政府の権力は人民の権利を守るためにあると考え、抵抗権などを論じた。	ロック・社会契約・啓蒙思想
439	1748年	欧米・世界	近世	A	モンテスキューが『法の精神』を刊行する	政治権力を立法・行政・司法に分けて相互に抑制させる三権分立を論じた。	モンテスキュー・三権分立・啓蒙思想
440	1762年	欧米・世界	近世	A	ルソーが『社会契約論』を刊行する	主権は人民にあるという人民主権の考えを強く打ち出した。	ルソー・人民主権・啓蒙思想
441	1776年	欧米・世界	近世	A	アダム・スミスが『国富論』を刊行する	自由な経済活動や分業の重要性を論じ、近代経済学の基礎を築いた。	アダムスミス・国富論・自由主義
442	1895年	欧米・世界	近代	B	リュミエール兄弟が映画を公開する	動く映像を多数の観客に上映する映画が新しい大衆娯楽として広がるきっかけとなった。	映画・リュミエール兄弟・大衆文化
443	1903年	欧米・世界	近代	B	ライト兄弟が動力飛行に成功する	エンジンを備えた飛行機による持続的な有人飛行に成功し、航空時代を開いた。	ライト兄弟・飛行機・航空
444	1928年	欧米・世界	近代	B	フレミングがペニシリンを発見する	細菌の増殖を抑える物質を発見し、後の抗生物質の実用化へつながった。	フレミング・ペニシリン・医学
445	1969年	欧米・世界	現代	B	アポロ11号が人類初の月面着陸を達成する	アメリカの宇宙船アポロ11号が月面着陸に成功し、人類が初めて月面を歩いた。	アポロ11号・宇宙開発・冷戦
446	10世紀ごろ	日本	古代	A	荘園が各地で増加する	貴族・寺社などの私有地である荘園が増え、律令国家の土地支配が次第に変化した。	荘園・土地制度・貴族
447	14世紀ごろ	日本	中世	A	二毛作が広がり農業生産が高まる	同じ耕地で一年に二種類の作物を作る二毛作が広がり、農業生産力が向上した。	二毛作・農業・室町時代
448	14〜15世紀ごろ	日本	中世	A	定期市や座が発達する	各地で定期市が開かれ、商工業者の同業者組織である座も発達した。	定期市・座・商業
449	15世紀ごろ	日本	中世	A	惣村の自治が発達する	農民が寄合を開き、村のルールや用水管理などを自分たちで決める惣村が発達した。	惣村・寄合・自治
450	16世紀後半	日本	近世	A	城下町が各地で発達する	戦国大名は城を中心に家臣・商工業者を集め、政治・経済の拠点となる城下町を整えた。	城下町・戦国大名・都市
451	17世紀初め	日本	近世	A	五街道の整備が進む	東海道・中山道など江戸を起点とする主要街道が整えられ、宿場や交通網が発達した。	五街道・宿場・交通
452	17世紀ごろ	日本	近世	A	江戸・大坂・京都の三都が発達する	政治の江戸、商業の大坂、伝統文化と手工業の京都が大都市として発展した。	三都・江戸・大坂・京都
453	17〜18世紀ごろ	日本	近世	A	商品作物の栽培と農村の商業化が進む	綿・菜種・藍など販売を目的とする商品作物の栽培が広がり、農村も貨幣経済に深く組み込まれた。	商品作物・農村・貨幣経済
454	18世紀ごろ	日本	近世	A	寺子屋・藩校が広がる	寺子屋では庶民が読み書き・そろばんを学び、藩校では武士の教育が行われた。	寺子屋・藩校・教育
455	18世紀後半	日本	近世	B	出版業・貸本屋が発達する	木版印刷による出版が盛んになり、貸本屋を通して庶民も多くの本を読むようになった。	出版・貸本屋・庶民文化
456	1871年	日本	近代	A	近代郵便制度が始まる	前島密らの働きで郵便制度が整えられ、全国で手紙を迅速に送る仕組みが発達した。	郵便・前島密・文明開化
457	1873年	日本	近代	B	太陽暦が採用される	明治政府は暦を太陰太陽暦から太陽暦へ改め、西洋式の時間制度を導入した。	太陽暦・文明開化・生活
458	1901年	日本	近代	A	田中正造が足尾鉱毒問題を訴える	足尾銅山の鉱毒による被害を受け、田中正造は住民救済と公害対策を求めた。	田中正造・足尾鉱毒事件・公害
459	1911年	日本	近代	A	女性文芸誌『青鞜』が創刊される	平塚らいてうらが女性の自立や生き方を問い、女性の社会的地位を考える議論を広げた。	青鞜・平塚らいてう・女性運動
460	1920年	日本	近代	A	新婦人協会が結成される	平塚らいてう・市川房枝らが女性の政治参加や権利拡大を求めて活動した。	新婦人協会・市川房枝・女性運動
461	1920年	日本	近代	B	日本で第1回メーデーが行われる	労働者が賃金・労働時間・権利改善などを求めて集会を開き、労働運動が広がった。	メーデー・労働運動・大正デモクラシー
462	1925年	日本	近代	A	ラジオ放送が始まる	東京・大阪・名古屋などでラジオ放送が始まり、ニュースや娯楽が家庭へ届くようになった。	ラジオ・マスメディア・大衆文化
463	1947年	日本	現代	A	労働基準法が制定・施行される	労働時間・休日・賃金など労働条件の最低基準を定め、戦後の労働者保護を進めた。	労働基準法・労働者・戦後改革
464	1953年	日本	現代	B	テレビ本放送が始まる	テレビ放送が始まり、高度経済成長期に家庭へ急速に普及して大衆文化を変えた。	テレビ・マスメディア・大衆文化
465	1961年	日本	現代	A	国民皆保険・国民皆年金の体制が整う	すべての国民が公的医療保険や年金制度に参加する社会保障体制が整えられた。	国民皆保険・国民皆年金・社会保障
466	1960年	日本	現代	A	所得倍増計画が打ち出される	池田勇人内閣は経済成長を進め、国民所得の増加を目指す政策を掲げた。	所得倍増計画・高度経済成長・池田勇人
467	1970年	日本	現代	A	公害国会で公害関係法が整備される	深刻化した公害に対応するため、国会で多数の公害関係法が改正・制定され規制が強化された。	公害国会・公害・環境政策
468	1997年	日本	現代	A	アイヌ文化振興法が制定される	アイヌの伝統文化の振興や理解促進を目的とする法律が制定され、旧土人保護法は廃止された。	アイヌ文化振興法・アイヌ民族・人権
469	12世紀ごろ	愛知・日本	中世	B	常滑焼の生産が盛んになる	知多半島の常滑では大規模な窯業が発達し、壺・甕などが広い地域へ流通した。	常滑焼・知多半島・窯業
470	13世紀ごろ	愛知・日本	中世	B	瀬戸で本格的な陶器生産が発達する	瀬戸では釉薬を用いた陶器生産が発達し、後に『せともの』の語源となるほど陶業が栄えた。	瀬戸焼・瀬戸・陶器
471	17世紀初め	愛知・日本	近世	B	有松で絞り染めが発達する	東海道沿いの有松で絞り染めが発達し、旅人向けの商品として広く知られるようになった。	有松絞り・東海道・伝統工芸
472	17世紀前半	愛知・日本	近世	B	名古屋城本丸御殿が整備される	尾張徳川家の居館として豪華な本丸御殿が整えられ、障壁画など近世武家文化を示した。	名古屋城・本丸御殿・尾張徳川家
473	1904年	愛知・日本	近代	B	日本陶器が名古屋で設立される	日本陶器（後のノリタケカンパニーリミテド）が設立され、洋食器の輸出産業が発展した。	日本陶器・ノリタケ・名古屋
474	1935年	愛知・日本	近代	B	徳川美術館が名古屋に開館する	尾張徳川家に伝来した大名道具や国宝『源氏物語絵巻』などを収蔵する美術館が開館した。	徳川美術館・源氏物語絵巻・名古屋
475	1876年	日本	近代	A	秩禄処分で華族・士族の家禄が整理される	明治政府は金禄公債を交付して家禄・賞典禄の支給を打ち切り、旧武士の特権を制度上整理した。	秩禄処分・士族・明治政府
476	1882年	日本	近代	A	日本銀行が開業する	中央銀行として日本銀行が開業し、紙幣発行や金融制度の整備が進んだ。	日本銀行・中央銀行・金融
477	1886年	日本	近代	A	学校令が公布され近代学校制度が再編される	小学校令・中学校令・帝国大学令・師範学校令などが公布され、学校制度が体系的に再編された。	学校令・森有礼・教育
478	1890年	日本	近代	A	第1回衆議院議員総選挙が行われる	大日本帝国憲法のもとで初の衆議院議員総選挙が行われたが、選挙権は一定額以上の直接国税を納める成年男子に限られていた。	衆議院議員総選挙・制限選挙・帝国議会
479	1897年	日本	近代	B	貨幣法が制定され金本位制が確立する	日清戦争の賠償金などを背景に貨幣法が制定され、日本は金本位制を採用して国際金融との結び付きを強めた。	貨幣法・金本位制・日清戦争
480	1900年	日本	近代	A	治安警察法が制定される	労働運動や政治運動を取り締まる治安警察法が制定され、女性の政治活動にも強い制限が加えられた。	治安警察法・労働運動・女性運動
481	1911年	日本	近代	A	工場法が公布される	工場労働者、とくに女性や年少者の労働時間などを一定範囲で規制する工場法が公布され、1916年に施行された。	工場法・労働者保護・産業革命
482	1919年	欧米・世界	近代	B	国際労働機関（ILO）が設立される	第一次世界大戦後、労働条件の改善と社会正義を国際的に進めるため国際労働機関が設立された。	ILO・労働・ベルサイユ体制
483	1924年	日本	近代	A	第二次護憲運動が起こる	清浦奎吾内閣に反対して護憲三派が憲政擁護を掲げ、選挙後に加藤高明内閣が成立した。	第二次護憲運動・護憲三派・加藤高明
484	1930〜1931年ごろ	日本	近代	A	昭和恐慌が深刻化する	世界恐慌の影響と金輸出解禁によるデフレが重なり、企業倒産や農村不況が深刻化した。	昭和恐慌・世界恐慌・金輸出解禁
485	1949年	日本	現代	A	ドッジ・ラインが実施される	インフレ抑制と財政安定を目的に均衡予算などの緊縮策が進められ、1ドル360円の単一為替レートも設定された。	ドッジライン・1ドル360円・戦後復興
486	1949年	日本	現代	B	シャウプ勧告が出される	アメリカのシャウプを団長とする使節団が日本の税制改革を勧告し、直接税中心の戦後税制整備に大きな影響を与えた。	シャウプ勧告・税制・戦後改革
487	1950年代前半	日本	現代	A	朝鮮特需で日本の経済復興が加速する	朝鮮戦争に伴う米軍などからの物資・サービス需要が日本企業への特需となり、戦後経済の復興を後押しした。	朝鮮特需・朝鮮戦争・戦後復興
488	1964年	日本	現代	A	日本がOECDに加盟する	日本が経済協力開発機構（OECD）に加盟し、先進工業国の国際経済協力へ本格的に参加した。	OECD・国際経済・高度経済成長
489	1967年	日本	現代	A	非核三原則が表明される	佐藤栄作首相が核兵器を『持たず、作らず、持ち込ませず』とする非核三原則を国会で表明した。	非核三原則・核兵器・安全保障
490	1976年	日本	現代	B	日本が核拡散防止条約（NPT）を批准する	日本は核兵器の拡散防止と原子力の平和利用を柱とする核拡散防止条約を批准した。	NPT・核不拡散・国際条約
491	1985年	欧米・世界	現代	A	プラザ合意が成立する	主要5か国がドル高是正へ協調することで合意し、その後の急速な円高は日本経済と企業の海外展開に大きな影響を与えた。	プラザ合意・円高・国際金融
492	1986〜1991年ごろ	日本	現代	A	バブル経済が拡大する	低金利や資産価格上昇を背景に株価・地価が急上昇し、のちのバブル崩壊と長期停滞につながった。	バブル経済・株価・地価
493	1989年	日本	現代	A	消費税が導入される	税率3％の消費税が導入され、所得課税だけでなく消費にも広く負担を求める税体系へ変化した。	消費税・税制・平成
494	1992年	日本	現代	A	PKO協力法が制定される	国連平和維持活動などへの人的協力の枠組みを定め、自衛隊の海外での国際平和協力活動につながった。	PKO協力法・国連PKO・国際貢献
495	1993年	日本	現代	A	環境基本法が制定される	公害対策に加えて地球環境問題や自然環境保全まで含む環境政策の基本的な枠組みが整えられた。	環境基本法・環境政策・公害
496	1993年	日本	現代	A	55年体制が崩れ細川連立内閣が成立する	衆議院選挙後に自由民主党が政権を離れ、非自民の連立による細川護熙内閣が成立して55年体制が大きく転換した。	55年体制・細川護熙・政権交代
497	1997年	日本・世界	現代	A	京都議定書が採択される	京都で開かれたCOP3で、先進国の温室効果ガス削減目標を定める京都議定書が採択された。	京都議定書・COP3・地球温暖化
498	1999年	日本	現代	A	男女共同参画社会基本法が制定される	男女が社会の対等な構成員としてあらゆる分野に参画できる社会を目指す基本法が制定された。	男女共同参画社会基本法・男女平等・人権
499	2015年	欧米・世界	現代	A	持続可能な開発目標（SDGs）が採択される	国連で2030年までの持続可能な社会を目指す17の目標が採択され、貧困・教育・環境などを統合的に扱う国際目標となった。	SDGs・国際連合・持続可能な開発
500	2015年	欧米・世界	現代	A	パリ協定が採択される	COP21で、すべての国が温室効果ガス削減に取り組む国際的な気候変動の枠組みとしてパリ協定が採択された。	パリ協定・COP21・気候変動
